2994;/s22;(12670L,;1278789234;520638897L,;1278789234520638897L,;;;;;;;;;;;;
2998;/s3102;(7028L,;1278790388;576868568L,;1278790388576868568L,;;;;;;;;;;;;
3000;/s8104;(1382L,;1278790745;668651014L,;1278790745668651014L,;;;;;;;;;;;;
3005;/s8104;(1937L,;1278791024;756846640L,;1278791024756846640L,;;;;;;;;;;;;
3013;/s8104;(3138L,;1278791333;6765473L,;1278791333006765473L,;;;;;;;;;;;;
3014;/s8104;(3304L,;1278791374;408855270L,;1278791374408855270L,;;;;;;;;;;;;
3016;/s8104;(3793L,;1278791492;924456098L,;1278791492924456098L,;;;;;;;;;;;;
3018;/s8104;(3947L,;1278791550;547289464L,;1278791550547289464L,;;;;;;;;;;;;
3018;/s8104;(3948L,;1278791550;604588235L,;1278791550604588235L,;;;;;;;;;;;;
3029;/s1006;(604L,;1278793007;894787344L,;1278793007894787344L,;;;;;;;;;;;;
3030;/s1006;(883L,;1278793077;575683143L,;1278793077575683143L,;;;;;;;;;;;;
3035;/s1001;(13583L,;1278793240;435161259L,;1278793240435161259L,;;;;;;;;;;;;
3038;/s1006;(1494L,;1278793283;392314081L,;1278793283392314081L,;;;;;;;;;;;;
3038;/s1007;(805L,;1278793283;433624571L,;1278793283433624571L,;;;;;;;;;;;;
3042;/s1006;(2399L,;1278793402;107429950L,;1278793402107429950L,;;;;;;;;;;;;
3043;/s1006;(2403L,;1278793403;926231175L,;1278793403926231175L,;;;;;;;;;;;;
3044;/s1006;(2540L,;1278793419;869031182L,;1278793419869031182L,;;;;;;;;;;;;
3045;/s1006;(2541L,;1278793420;124652630L,;1278793420124652630L,;;;;;;;;;;;;
3052;/s1006;(3687L,;1278793504;916175077L,;1278793504916175077L,;;;;;;;;;;;;
3052;/s1006;(3688L,;1278793504;921550967L,;1278793504921550967L,;;;;;;;;;;;;
3052;/s1007;(2055L,;1278793504;940200129L,;1278793504940200129L,;;;;;;;;;;;;
3056;/s1007;(2888L,;1278793586;690942196L,;1278793586690942196L,;;;;;;;;;;;;
3057;/s1006;(5287L,;1278793596;844573876L,;1278793596844573876L,;;;;;;;;;;;;
3058;/s1006;(5288L,;1278793596;895242392L,;1278793596895242392L,;;;;;;;;;;;;
3059;/s1006;(5312L,;1278793609;403033711L,;1278793609403033711L,;;;;;;;;;;;;
3066;/s1007;(3410L,;1278793668;171908584L,;1278793668171908584L,;;;;;;;;;;;;
3068;/s1006;(6439L,;1278793673;502399199L,;1278793673502399199L,;;;;;;;;;;;;
3068;/s1001;(14469L,;1278793673;526574661L,;1278793673526574661L,;;;;;;;;;;;;
3069;/s1001;(14474L,;1278793683;724668795L,;1278793683724668795L,;;;;;;;;;;;;
3073;/s1007;(3906L,;1278793714;871150640L,;1278793714871150640L,;;;;;;;;;;;;
3085;/s502;(5934L,;1278793799;576943307L,;1278793799576943307L,;;;;;;;;;;;;
3101;/s1007;(7168L,;1278794141;996066083L,;1278794141996066083L,;;;;;;;;;;;;
3101;/s1001;(15628L,;1278794142;78201229L,;1278794142078201229L,;;;;;;;;;;;;
3103;/s1007;(7178L,;1278794149;584107658L,;1278794149584107658L,;;;;;;;;;;;;
3105;/s1006;(12375L,;1278794250;107191041L,;1278794250107191041L,;;;;;;;;;;;;
3115;/s505;(2656L,;1278794884;464650162L,;1278794884464650162L,;;;;;;;;;;;;
3125;/s1007;(8049L,;1278798444;241798008L,;1278798444241798008L,;;;;;;;;;;;;
3128;/s1007;(8783L,;1278798585;40167663L,;1278798585040167663L,;;;;;;;;;;;;
3130;/s1006;(15471L,;1278798716;919898609L,;1278798716919898609L,;;;;;;;;;;;;
3136;/s1006;(16796L,;1278799046;172080445L,;1278799046172080445L,;;;;;;;;;;;;
3138;/s1006;(17176L,;1278799102;673631261L,;1278799102673631261L,;;;;;;;;;;;;
3138;/s1006;(17177L,;1278799102;742112337L,;1278799102742112337L,;;;;;;;;;;;;
3139;/s1006;(17207L,;1278799115;532588783L,;1278799115532588783L,;;;;;;;;;;;;
3140;/s1006;(17208L,;1278799116;180245914L,;1278799116180245914L,;;;;;;;;;;;;
3141;/s8003;(227L,;1278799118;956754677L,;1278799118956754677L,;;;;;;;;;;;;
3142;/s21;(11902L,;1278799136;309223L,;1278799136000309223L,;;;;;;;;;;;;
3148;/s1007;(10751L,;1278799267;621820440L,;1278799267621820440L,;;;;;;;;;;;;
3150;/s1007;(10793L,;1278799299;363497274L,;1278799299363497274L,;;;;;;;;;;;;
3151;/s1007;(10829L,;1278799325;170710150L,;1278799325170710150L,;;;;;;;;;;;;
3154;/s8002;(2391L,;1278799385;870397970L,;1278799385870397970L,;;;;;;;;;;;;
3164;/s1006;(20417L,;1278799579;68326173L,;1278799579068326173L,;;;;;;;;;;;;
3166;/s8006;(2991L,;1278799644;932513909L,;1278799644932513909L,;;;;;;;;;;;;
3168;/s8001;(4310L,;1278799677;630447442L,;1278799677630447442L,;;;;;;;;;;;;
3170;/s8006;(3294L,;1278799944;567284616L,;1278799944567284616L,;;;;;;;;;;;;
3180;/s8001;(5250L,;1278800172;56411008L,;1278800172056411008L,;;;;;;;;;;;;
3180;/s8006;(3952L,;1278800172;60089256L,;1278800172060089256L,;;;;;;;;;;;;
3181;/s8006;(3980L,;1278800190;371729868L,;1278800190371729868L,;;;;;;;;;;;;
3188;/s8002;(4419L,;1278800364;41980142L,;1278800364041980142L,;;;;;;;;;;;;
3192;/s8001;(6447L,;1278800720;654142308L,;1278800720654142308L,;;;;;;;;;;;;
3199;/s4004;(2678L,;1278810470;655956600L,;1278810470655956600L,;;;;;;;;;;;;
3200;/s1006;(20941L,;1278851157;177690244L,;1278851157177690244L,;;;;;;;;;;;;
3211;/s4004;(2906L,;1278896866;62968458L,;1278896866062968458L,;;;;;;;;;;;;
3227;/s4004;(4005L,;1278906067;842839563L,;1278906067842839563L,;;;;;;;;;;;;
3228;/s4004;(4166L,;1278906648;508597492L,;1278906648508597492L,;;;;;;;;;;;;
3231;/s8101;(2716L,;1278922229;325736721L,;1278922229325736721L,;;;;;;;;;;;;
3231;/s8101;(2717L,;1278922229;373846708L,;1278922229373846708L,;;;;;;;;;;;;
3242;/s504;(7703L,;1278926713;429833600L,;1278926713429833600L,;;;;;;;;;;;;
3255;/s601;(140L,;1278928539;305013134L,;1278928539305013134L,;;;;;;;;;;;;
3266;/s4001;(1090L,;1278929078;361312375L,;1278929078361312375L,;;;;;;;;;;;;
3279;/s4003;(1597L,;1278935970;907563498L,;1278935970907563498L,;;;;;;;;;;;;
3283;/s4003;(2336L,;1278936376;315019019L,;1278936376315019019L,;;;;;;;;;;;;
3283;/s4004;(5505L,;1278936376;351480390L,;1278936376351480390L,;;;;;;;;;;;;
3285;/s4004;(5631L,;1278936430;470596344L,;1278936430470596344L,;;;;;;;;;;;;
3287;/s4003;(3333L,;1278937519;826111503L,;1278937519826111503L,;;;;;;;;;;;;
3287;/s4004;(6482L,;1278937519;746384845L,;1278937519746384845L,;;;;;;;;;;;;
3296;/s4002;(3626L,;1279132958;892729525L,;1279132958892729525L,;;;;;;;;;;;;
3296;/s4002;(3627L,;1279132958;911103973L,;1279132958911103973L,;;;;;;;;;;;;
3297;/s4002;(3626L,;1279132958;892729525L,;1279132958892729525L,;;;;;;;;;;;;
3297;/s4002;(3627L,;1279132958;911103973L,;1279132958911103973L,;;;;;;;;;;;;
3298;/s4004;(7301L,;1279134113;741847376L,;1279134113741847376L,;;;;;;;;;;;;
3335;/s22;(14264L,;1281693859;421923248L,;1281693859421923248L,;;;;;;;;;;;;
3335;/s504;(8051L,;1281693859;450216785L,;1281693859450216785L,;;;;;;;;;;;;
3336;/s101;(2536L,;1281694272;627228802L,;1281694272627228802L,;;;;;;;;;;;;
3351;/s304;(24819L,;1282665971;983346561L,;1282665971983346561L,;;;;;;;;;;;;
3357;/s9;(14189L,;1282669045;37789386L,;1282669045037789386L,;;;;;;;;;;;;
3358;/s505;(3035L,;1282669045;453945036L,;1282669045453945036L,;;;;;;;;;;;;
3359;/s101;(3032L,;1282669119;565163278L,;1282669119565163278L,;;;;;;;;;;;;
3360;/s601;(605L,;1282669143;194160877L,;1282669143194160877L,;;;;;;;;;;;;
3374;/s13;(16588L,;1282672099;751211485L,;1282672099751211485L,;;;;;;;;;;;;
3388;/s22;(14687L,;1282984518;473269691L,;1282984518473269691L,;;;;;;;;;;;;
3390;/s22;(14808L,;1282985595;288521724L,;1282985595288521724L,;;;;;;;;;;;;
3393;/s9;(14453L,;1282985940;563092271L,;1282985940563092271L,;;;;;;;;;;;;
3393;/s504;(8938L,;1282985940;617861118L,;1282985940617861118L,;;;;;;;;;;;;
3404;/s1006;(22241L,;1283094916;706242439L,;1283094916706242439L,;;;;;;;;;;;;
3405;/s8105;(1774L,;1283098130;345439666L,;1283098130345439666L,;;;;;;;;;;;;
3407;/s102;(1924L,;1283968108;459037226L,;1283968108459037226L,;;;;;;;;;;;;
3421;/s8002;(4995L,;1285263693;956151111L,;1285263693956151111L,;;;;;;;;;;;;
3425;/s8003;(1815L,;1285264338;452034283L,;1285264338452034283L,;;;;;;;;;;;;
3425;/s8003;(1816L,;1285264338;452080283L,;1285264338452080283L,;;;;;;;;;;;;
3425;/s8003;(1817L,;1285264338;454457297L,;1285264338454457297L,;;;;;;;;;;;;
3425;/s8003;(1818L,;1285264338;464497093L,;1285264338464497093L,;;;;;;;;;;;;
3426;/s8003;(1864L,;1285264494;668986823L,;1285264494668986823L,;;;;;;;;;;;;
3426;/s8003;(1865L,;1285264494;676472555L,;1285264494676472555L,;;;;;;;;;;;;
3426;/s8003;(1866L,;1285264494;705591691L,;1285264494705591691L,;;;;;;;;;;;;
3426;/s8003;(1867L,;1285264494;706880366L,;1285264494706880366L,;;;;;;;;;;;;
3426;/s8003;(1868L,;1285264494;708669740L,;1285264494708669740L,;;;;;;;;;;;;
3436;/s21;(13909L,;1285265178;129676090L,;1285265178129676090L,;;;;;;;;;;;;
3449;/s8101;(3337L,;1285268152;198251453L,;1285268152198251453L,;;;;;;;;;;;;
3451;/s8005;(2035L,;1285268541;276739135L,;1285268541276739135L,;;;;;;;;;;;;
3464;/s502;(7905L,;1287456358;332121628L,;1287456358332121628L,;;;;;;;;;;;;
3486;/s103;(16L,;1303958015;195444856L,;1303958015195444856L,;;;;;;;;;;;;
3489;/s7201;(944L,;1304017259;649132257L,;1304017259649132257L,;;;;;;;;;;;;
3504;/s8301;(408L,;1304089706;948851271L,;1304089706948851271L,;;;;;;;;;;;;
3516;/s8201;(875L,;1304093774;914755801L,;1304093774914755801L,;;;;;;;;;;;;
3535;/s8201;(1724L,;1304096612;108408124L,;1304096612108408124L,;;;;;;;;;;;;
3539;/s8002;(5390L,;1304098766;874692694L,;1304098766874692694L,;;;;;;;;;;;;
3541;/s8101;(4097L,;1304100076;345326961L,;1304100076345326961L,;;;;;;;;;;;;
3543;/s8302;(852L,;1304101788;913699598L,;1304101788913699598L,;;;;;;;;;;;;
3554;/s8002;(5635L,;1304110539;514388698L,;1304110539514388698L,;;;;;;;;;;;;
3596;/s4004;(7778L,;1307292855;576517850L,;1307292855576517850L,;;;;;;;;;;;;
3598;/s4001;(1694L,;1307293680;537190542L,;1307293680537190542L,;;;;;;;;;;;;
3600;/s3102;(7787L,;1307345689;502850211L,;1307345689502850211L,;;;;;;;;;;;;
3612;/s8303;(1234L,;1307370575;875734482L,;1307370575875734482L,;;;;;;;;;;;;
3620;/s8201;(2169L,;1307371899;201268235L,;1307371899201268235L,;;;;;;;;;;;;
3620;/s8201;(2170L,;1307371899;229332751L,;1307371899229332751L,;;;;;;;;;;;;
3635;/s7201;(1544L,;1307375945;892195311L,;1307375945892195311L,;;;;;;;;;;;;
3650;/s3102;(8091L,;1307380449;368263133L,;1307380449368263133L,;;;;;;;;;;;;
3657;/s7101;(535L,;1307655552;118901776L,;1307655552118901776L,;;;;;;;;;;;;
3660;/s3202;(206L,;1307715503;549836340L,;1307715503549836340L,;;;;;;;;;;;;
3664;/s10;(16495L,;1307727469;701556127L,;1307727469701556127L,;;;;;;;;;;;;
3671;/s507;(4985L,;1307792968;786250395L,;1307792968786250395L,;;;;;;;;;;;;
3676;/s1006;(23531L,;1307794087;812362337L,;1307794087812362337L,;;;;;;;;;;;;
3687;/s8006;(7455L,;1308217543;395962398L,;1308217543395962398L,;;;;;;;;;;;;
3700;/s1003;(171L,;1308398054;353030360L,;1308398054353030360L,;;;;;;;;;;;;
3706;/s9;(15169L,;1308427330;437887211L,;1308427330437887211L,;;;;;;;;;;;;
3709;/s3302;(8374L,;1308451882;248085458L,;1308451882248085458L,;;;;;;;;;;;;
3722;/s3202;(1024L,;1309243437;306475765L,;1309243437306475765L,;;;;;;;;;;;;
3738;/s3202;(2008L,;1309244161;484096269L,;1309244161484096269L,;;;;;;;;;;;;
3750;/s3202;(2956L,;1309244327;487944755L,;1309244327487944755L,;;;;;;;;;;;;
3761;/s3202;(3976L,;1309244568;928258064L,;1309244568928258064L,;;;;;;;;;;;;
3773;/s3202;(4874L,;1309245283;829197967L,;1309245283829197967L,;;;;;;;;;;;;
3785;/s3202;(5553L,;1309245444;24851576L,;1309245444024851576L,;;;;;;;;;;;;
3787;/s3202;(6028L,;1309245500;14192217L,;1309245500014192217L,;;;;;;;;;;;;
3800;/s3101;(6743L,;1309246159;126899445L,;1309246159126899445L,;;;;;;;;;;;;
3807;/s3202;(7381L,;1309246677;916573607L,;1309246677916573607L,;;;;;;;;;;;;
3813;/s3202;(7931L,;1309246925;380643298L,;1309246925380643298L,;;;;;;;;;;;;
3818;/s3101;(6904L,;1309247257;435869846L,;1309247257435869846L,;;;;;;;;;;;;
3821;/s3202;(8271L,;1309247362;432176286L,;1309247362432176286L,;;;;;;;;;;;;
3840;/s3202;(9022L,;1309280591;899212328L,;1309280591899212328L,;;;;;;;;;;;;
3840;/s3202;(9023L,;1309280591;926704342L,;1309280591926704342L,;;;;;;;;;;;;
3842;/s3101;(7674L,;1309281579;458463633L,;1309281579458463633L,;;;;;;;;;;;;
3842;/s3102;(9310L,;1309281579;448308930L,;1309281579448308930L,;;;;;;;;;;;;
3854;/s8303;(2041L,;1309289005;149844109L,;1309289005149844109L,;;;;;;;;;;;;
3863;/s2004;(1243L,;1309289379;604036118L,;1309289379604036118L,;;;;;;;;;;;;
3868;/s7301;(504L,;1309290789;30367845L,;1309290789030367845L,;;;;;;;;;;;;
3889;/s7301;(1704L,;1309291930;400039353L,;1309291930400039353L,;;;;;;;;;;;;
3902;/s4004;(8338L,;1309294548;685445612L,;1309294548685445612L,;;;;;;;;;;;;
3906;/s4004;(8490L,;1309295361;755772863L,;1309295361755772863L,;;;;;;;;;;;;
3909;/s4004;(8765L,;1309295824;917995871L,;1309295824917995871L,;;;;;;;;;;;;
3916;/s7;(12443L,;1309298001;765539480L,;1309298001765539480L,;;;;;;;;;;;;
3934;/s3202;(9636L,;1309300770;238686824L,;1309300770238686824L,;;;;;;;;;;;;
3944;/s3202;(10284L,;1309301347;429994226L,;1309301347429994226L,;;;;;;;;;;;;
3950;/s3303;(295L,;1309301620;160557066L,;1309301620160557066L,;;;;;;;;;;;;
3956;/s8201;(4268L,;1309301946;294989058L,;1309301946294989058L,;;;;;;;;;;;;
3958;/s3301;(564L,;1309302096;999549285L,;1309302096999549285L,;;;;;;;;;;;;
3960;/s201;(1650L,;1309302339;838286520L,;1309302339838286520L,;;;;;;;;;;;;
3961;/s504;(9993L,;1309302510;448550821L,;1309302510448550821L,;;;;;;;;;;;;
3961;/s506;(465L,;1309302510;438847047L,;1309302510438847047L,;;;;;;;;;;;;
3965;/s103;(174L,;1309304694;397457538L,;1309304694397457538L,;;;;;;;;;;;;
4037;/s502;(8726L,;1312634015;237497035L,;1312634015237497035L,;;;;;;;;;;;;
4037;/s502;(8727L,;1312634015;282892417L,;1312634015282892417L,;;;;;;;;;;;;
4045;/s401;(2845L,;1312772177;967752324L,;1312772177967752324L,;;;;;;;;;;;;
4050;/s7001;(1929L,;1312810658;634810406L,;1312810658634810406L,;;;;;;;;;;;;
4052;/s3301;(937L,;1312833755;41484492L,;1312833755041484492L,;;;;;;;;;;;;
4076;/s8201;(5082L,;1313685550;626980784L,;1313685550626980784L,;;;;;;;;;;;;
4102;/s8201;(6426L,;1313686898;922252016L,;1313686898922252016L,;;;;;;;;;;;;
4115;/s8201;(6957L,;1313689775;198438386L,;1313689775198438386L,;;;;;;;;;;;;
4124;/s8103;(6504L,;1313708026;191709876L,;1313708026191709876L,;;;;;;;;;;;;
4125;/s8101;(5063L,;1313708084;914688900L,;1313708084914688900L,;;;;;;;;;;;;
4165;/s8103;(7000L,;1314085258;61960097L,;1314085258061960097L,;;;;;;;;;;;;
4168;/s8103;(7173L,;1314085488;917471305L,;1314085488917471305L,;;;;;;;;;;;;
4170;/s2004;(2379L,;1314086536;941974830L,;1314086536941974830L,;;;;;;;;;;;;
4188;/s8003;(3394L,;1314091670;297680864L,;1314091670297680864L,;;;;;;;;;;;;
4198;/s8001;(9766L,;1314091980;705381045L,;1314091980705381045L,;;;;;;;;;;;;
4229;/s2006;(1287L,;1314093621;681578382L,;1314093621681578382L,;;;;;;;;;;;;
4239;/s7;(13271L,;1314095108;145859317L,;1314095108145859317L,;;;;;;;;;;;;
4239;/s7;(13272L,;1314095108;175245264L,;1314095108175245264L,;;;;;;;;;;;;
4241;/s7401;(2618L,;1314095850;379388987L,;1314095850379388987L,;;;;;;;;;;;;
4252;/s7401;(2997L,;1314096328;890786521L,;1314096328890786521L,;;;;;;;;;;;;
4255;/s7401;(3208L,;1314096516;377566494L,;1314096516377566494L,;;;;;;;;;;;;
4266;/s7003;(401L,;1314096578;713449382L,;1314096578713449382L,;;;;;;;;;;;;
4266;/s7401;(3316L,;1314096578;667063344L,;1314096578667063344L,;;;;;;;;;;;;
4268;/s7401;(3318L,;1314096580;775155217L,;1314096580775155217L,;;;;;;;;;;;;
4281;/s7003;(657L,;1314096648;289986171L,;1314096648289986171L,;;;;;;;;;;;;
4282;/s7401;(4104L,;1314096659;411322986L,;1314096659411322986L,;;;;;;;;;;;;
4285;/s7401;(4256L,;1314096681;832547393L,;1314096681832547393L,;;;;;;;;;;;;
4293;/s7003;(1033L,;1314096879;185053514L,;1314096879185053514L,;;;;;;;;;;;;
4295;/s7003;(1055L,;1314096928;635187909L,;1314096928635187909L,;;;;;;;;;;;;
4296;/s7001;(2916L,;1314096955;188460378L,;1314096955188460378L,;;;;;;;;;;;;
4296;/s7003;(1174L,;1314096955;229818736L,;1314096955229818736L,;;;;;;;;;;;;
4315;/s8003;(3697L,;1314097263;947607102L,;1314097263947607102L,;;;;;;;;;;;;
4335;/s8001;(10763L,;1314097664;717898306L,;1314097664717898306L,;;;;;;;;;;;;
4337;/s8002;(7084L,;1314097684;175598833L,;1314097684175598833L,;;;;;;;;;;;;
4337;/s8003;(4136L,;1314097684;164194380L,;1314097684164194380L,;;;;;;;;;;;;
4353;/s8001;(11290L,;1314098331;559422273L,;1314098331559422273L,;;;;;;;;;;;;
4358;/s8103;(7875L,;1314099248;271711239L,;1314099248271711239L,;;;;;;;;;;;;
4359;/s8103;(7965L,;1314099367;610000747L,;1314099367610000747L,;;;;;;;;;;;;
4369;/s8201;(7548L,;1314100273;748345220L,;1314100273748345220L,;;;;;;;;;;;;
4379;/s3202;(10655L,;1314337650;825131812L,;1314337650825131812L,;;;;;;;;;;;;
4381;/s3201;(2754L,;1314337705;551323139L,;1314337705551323139L,;;;;;;;;;;;;
4386;/s3201;(3177L,;1314337890;982916139L,;1314337890982916139L,;;;;;;;;;;;;
4388;/s3202;(11301L,;1314337945;819561615L,;1314337945819561615L,;;;;;;;;;;;;
4401;/s3201;(4393L,;1314338770;166162726L,;1314338770166162726L,;;;;;;;;;;;;
4402;/s3101;(8300L,;1314339037;972353453L,;1314339037972353453L,;;;;;;;;;;;;
4418;/s3301;(1345L,;1314340749;333680794L,;1314340749333680794L,;;;;;;;;;;;;
4419;/s3301;(1408L,;1314340876;335063248L,;1314340876335063248L,;;;;;;;;;;;;
4421;/s3301;(1461L,;1314340987;271777946L,;1314340987271777946L,;;;;;;;;;;;;
4426;/s202;(7003L,;1314341087;757218520L,;1314341087757218520L,;;;;;;;;;;;;
4429;/s3301;(1586L,;1314341163;87289055L,;1314341163087289055L,;;;;;;;;;;;;
4435;/s202;(7209L,;1314341254;186978222L,;1314341254186978222L,;;;;;;;;;;;;
4447;/s3303;(2130L,;1314341407;144444680L,;1314341407144444680L,;;;;;;;;;;;;
4447;/s3303;(2131L,;1314341407;164875306L,;1314341407164875306L,;;;;;;;;;;;;
4464;/s202;(7785L,;1314341810;846047202L,;1314341810846047202L,;;;;;;;;;;;;
4468;/s10;(17240L,;1314342030;162384793L,;1314342030162384793L,;;;;;;;;;;;;
4475;/s503;(11156L,;1314342305;207595659L,;1314342305207595659L,;;;;;;;;;;;;
4475;/s506;(945L,;1314342305;273310607L,;1314342305273310607L,;;;;;;;;;;;;
4477;/s502;(9176L,;1314342330;374300781L,;1314342330374300781L,;;;;;;;;;;;;
4478;/s7;(13725L,;1314342362;960268278L,;1314342362960268278L,;;;;;;;;;;;;
4478;/s502;(9200L,;1314342362;910909797L,;1314342362910909797L,;;;;;;;;;;;;
4479;/s509;(23989L,;1314342363;431299411L,;1314342363431299411L,;;;;;;;;;;;;
4479;/s509;(23990L,;1314342363;481034912L,;1314342363481034912L,;;;;;;;;;;;;
4482;/s10;(17332L,;1314342383;502779477L,;1314342383502779477L,;;;;;;;;;;;;
4483;/s7;(13888L,;1314342415;753590554L,;1314342415753590554L,;;;;;;;;;;;;
4484;/s503;(11550L,;1314342429;999083774L,;1314342429999083774L,;;;;;;;;;;;;
4484;/s502;(9511L,;1314342430;27350666L,;1314342430027350666L,;;;;;;;;;;;;
4488;/s5;(9436L,;1314342473;117687127L,;1314342473117687127L,;;;;;;;;;;;;
4488;/s9;(16495L,;1314342473;183543385L,;1314342473183543385L,;;;;;;;;;;;;
4488;/s504;(10830L,;1314342473;182502922L,;1314342473182502922L,;;;;;;;;;;;;
4494;/s201;(4368L,;1314342544;673824063L,;1314342544673824063L,;;;;;;;;;;;;
4495;/s504;(11044L,;1314342554;113566464L,;1314342554113566464L,;;;;;;;;;;;;
4497;/s501;(41314L,;1314342569;252050440L,;1314342569252050440L,;;;;;;;;;;;;
4498;/s501;(41322L,;1314342577;323980542L,;1314342577323980542L,;;;;;;;;;;;;
4499;/s13;(19195L,;1314342592;278587426L,;1314342592278587426L,;;;;;;;;;;;;
4500;/s7;(14826L,;1314342603;136122021L,;1314342603136122021L,;;;;;;;;;;;;
4501;/s7;(14835L,;1314342613;8514801L,;1314342613008514801L,;;;;;;;;;;;;
4504;/s7;(15112L,;1314342636;347293377L,;1314342636347293377L,;;;;;;;;;;;;
4519;/s506;(2109L,;1314343027;130418334L,;1314343027130418334L,;;;;;;;;;;;;
4520;/s504;(11576L,;1314343042;319483755L,;1314343042319483755L,;;;;;;;;;;;;
4530;/s13;(20725L,;1314343153;159821790L,;1314343153159821790L,;;;;;;;;;;;;
4536;/s103;(1311L,;1314343294;191149933L,;1314343294191149933L,;;;;;;;;;;;;
4574;/s8003;(4546L,;1314351446;736031805L,;1314351446736031805L,;;;;;;;;;;;;
4577;/s8002;(7322L,;1314351662;616835916L,;1314351662616835916L,;;;;;;;;;;;;
4600;/s7003;(3089L,;1314358791;815530257L,;1314358791815530257L,;;;;;;;;;;;;
4604;/s4001;(2403L,;1314360241;172776448L,;1314360241172776448L,;;;;;;;;;;;;
4606;/s4003;(5436L,;1314360482;831234775L,;1314360482831234775L,;;;;;;;;;;;;
4613;/s3301;(2340L,;1314440183;516086593L,;1314440183516086593L,;;;;;;;;;;;;
4639;/s8007;(1150L,;1315093761;248226068L,;1315093761248226068L,;;;;;;;;;;;;
4651;/s3101;(8986L,;1315682291;976569662L,;1315682291976569662L,;;;;;;;;;;;;
4653;/s3101;(9170L,;1315682449;47409092L,;1315682449047409092L,;;;;;;;;;;;;
4658;/s3102;(11419L,;1315683545;393159713L,;1315683545393159713L,;;;;;;;;;;;;
4695;/s1003;(1292L,;1315685352;365403597L,;1315685352365403597L,;;;;;;;;;;;;
4696;/s1007;(14754L,;1315685387;43379387L,;1315685387043379387L,;;;;;;;;;;;;
4697;/s1003;(1319L,;1315685397;368511690L,;1315685397368511690L,;;;;;;;;;;;;
4706;/s1003;(1739L,;1315685582;323169436L,;1315685582323169436L,;;;;;;;;;;;;
4717;/s1007;(15635L,;1315685777;238313697L,;1315685777238313697L,;;;;;;;;;;;;
4718;/s1007;(15695L,;1315685821;449932018L,;1315685821449932018L,;;;;;;;;;;;;
4718;/s1003;(2672L,;1315685821;506393536L,;1315685821506393536L,;;;;;;;;;;;;
4724;/s503;(13706L,;1315686218;356543146L,;1315686218356543146L,;;;;;;;;;;;;
4728;/s506;(2958L,;1315686351;656523489L,;1315686351656523489L,;;;;;;;;;;;;
4738;/s304;(28138L,;1315686787;162954562L,;1315686787162954562L,;;;;;;;;;;;;
4751;/s1003;(3363L,;1315691768;305012923L,;1315691768305012923L,;;;;;;;;;;;;
4759;/s3;(21617L,;1316185644;615792008L,;1316185644615792008L,;;;;;;;;;;;;
4762;/s1006;(27123L,;1316189461;741810220L,;1316189461741810220L,;;;;;;;;;;;;
4773;/s7;(17518L,;1316344673;167153621L,;1316344673167153621L,;;;;;;;;;;;;
4776;/s501;(43664L,;1316345039;116742034L,;1316345039116742034L,;;;;;;;;;;;;
4779;/s504;(12967L,;1316345428;434629102L,;1316345428434629102L,;;;;;;;;;;;;
4786;/s1007;(16267L,;1317936698;916828343L,;1317936698916828343L,;;;;;;;;;;;;
4787;/s301;(5762L,;1317953622;508016370L,;1317953622508016370L,;;;;;;;;;;;;
4792;/s502;(12942L,;1317955195;553155482L,;1317955195553155482L,;;;;;;;;;;;;
4806;/s7001;(5217L,;1319024732;412093161L,;1319024732412093161L,;;;;;;;;;;;;
4812;/s8007;(1192L,;1319029696;850244437L,;1319029696850244437L,;;;;;;;;;;;;
4814;/s2004;(3667L,;1319030709;60044869L,;1319030709060044869L,;;;;;;;;;;;;
4816;/s2004;(3746L,;1319031997;134377510L,;1319031997134377510L,;;;;;;;;;;;;
4832;/s9;(18906L,;1323238634;57932592L,;1323238634057932592L,;;;;;;;;;;;;
4833;/s13;(21824L,;1323238861;614677128L,;1323238861614677128L,;;;;;;;;;;;;
4835;/s9;(19153L,;1323239346;153743472L,;1323239346153743472L,;;;;;;;;;;;;
4839;/s8003;(5031L,;1323258607;572810084L,;1323258607572810084L,;;;;;;;;;;;;
4851;/s3302;(10730L,;1324151870;27104571L,;1324151870027104571L,;;;;;;;;;;;;
4854;/s506;(3932L,;1324208597;730161664L,;1324208597730161664L,;;;;;;;;;;;;
4854;/s509;(26573L,;1324208597;802620025L,;1324208597802620025L,;;;;;;;;;;;;
4876;/s3303;(2669L,;1327346874;835559610L,;1327346874835559610L,;;;;;;;;;;;;
4903;/s3103;(28L,;1335838082;527341551L,;1335838082527341551L,;;;;;;;;;;;;
4910;/s8103;(8675L,;1335846520;125059171L,;1335846520125059171L,;;;;;;;;;;;;
4913;/s501;(44799L,;1335849466;263155897L,;1335849466263155897L,;;;;;;;;;;;;
4922;/s3002;(5494L,;1335850678;361411103L,;1335850678361411103L,;;;;;;;;;;;;
4922;/s3002;(5495L,;1335850678;361450159L,;1335850678361450159L,;;;;;;;;;;;;
4940;/s3303;(3101L,;1335976753;545168401L,;1335976753545168401L,;;;;;;;;;;;;
4941;/s3301;(3208L,;1335976827;571777921L,;1335976827571777921L,;;;;;;;;;;;;
4943;/s3303;(3222L,;1335976922;32721688L,;1335976922032721688L,;;;;;;;;;;;;
4946;/s3303;(3327L,;1335977002;633933115L,;1335977002633933115L,;;;;;;;;;;;;
4971;/s3002;(5919L,;1335977859;476031097L,;1335977859476031097L,;;;;;;;;;;;;
4976;/s3002;(6246L,;1335978062;261596160L,;1335978062261596160L,;;;;;;;;;;;;
4986;/s3002;(7032L,;1335978460;49153174L,;1335978460049153174L,;;;;;;;;;;;;
4994;/s8103;(8734L,;1335980944;942248023L,;1335980944942248023L,;;;;;;;;;;;;
5010;/s8009;(90L,;1335984300;640904979L,;1335984300640904979L,;;;;;;;;;;;;
5010;/s8001;(12527L,;1335984300;575165482L,;1335984300575165482L,;;;;;;;;;;;;
5021;/s3201;(5447L,;1335986909;739384521L,;1335986909739384521L,;;;;;;;;;;;;
5032;/s8101;(7862L,;1335988355;639868614L,;1335988355639868614L,;;;;;;;;;;;;
5045;/s3201;(5736L,;1335991492;223513290L,;1335991492223513290L,;;;;;;;;;;;;
5048;/s3301;(4392L,;1335994058;819957395L,;1335994058819957395L,;;;;;;;;;;;;
5058;/s201;(6760L,;1337059894;486665301L,;1337059894486665301L,;;;;;;;;;;;;
5065;/s8005;(2307L,;1337073956;491157279L,;1337073956491157279L,;;;;;;;;;;;;
5073;/s3105;(328L,;1337081113;695740364L,;1337081113695740364L,;;;;;;;;;;;;
5077;/s8101;(8087L,;1337086022;810144979L,;1337086022810144979L,;;;;;;;;;;;;
5077;/s8101;(8088L,;1337086022;810516133L,;1337086022810516133L,;;;;;;;;;;;;
5077;/s8101;(8089L,;1337086022;811248712L,;1337086022811248712L,;;;;;;;;;;;;
5088;/s8007;(1855L,;1337481147;54326639L,;1337481147054326639L,;;;;;;;;;;;;
5090;/s3101;(11652L,;1337482780;932664946L,;1337482780932664946L,;;;;;;;;;;;;
5108;/s3102;(14464L,;1337483921;275039540L,;1337483921275039540L,;;;;;;;;;;;;
5114;/s3104;(1072L,;1337485000;352722164L,;1337485000352722164L,;;;;;;;;;;;;
5127;/s8103;(10557L,;1337531631;886366323L,;1337531631886366323L,;;;;;;;;;;;;
5134;/s8101;(8641L,;1337532070;705091839L,;1337532070705091839L,;;;;;;;;;;;;
5140;/s8101;(8686L,;1337532458;490115726L,;1337532458490115726L,;;;;;;;;;;;;
5146;/s8105;(5394L,;1337532625;969410318L,;1337532625969410318L,;;;;;;;;;;;;
5158;/s8105;(5730L,;1337533406;330701244L,;1337533406330701244L,;;;;;;;;;;;;
5172;/s8103;(11997L,;1337534085;36881245L,;1337534085036881245L,;;;;;;;;;;;;
5175;/s8101;(9468L,;1337534247;471149321L,;1337534247471149321L,;;;;;;;;;;;;
5213;/s8101;(9973L,;1337536565;789588599L,;1337536565789588599L,;;;;;;;;;;;;
5242;/s1008;(539L,;1337787408;357847686L,;1337787408357847686L,;;;;;;;;;;;;
5246;/s1008;(665L,;1337787478;936609934L,;1337787478936609934L,;;;;;;;;;;;;
5265;/s1006;(28936L,;1337788641;352790723L,;1337788641352790723L,;;;;;;;;;;;;
5313;/s8002;(8776L,;1337795382;955614876L,;1337795382955614876L,;;;;;;;;;;;;
5326;/s3302;(11059L,;1337804868;400935031L,;1337804868400935031L,;;;;;;;;;;;;
5328;/s3;(22619L,;1337804965;427296619L,;1337804965427296619L,;;;;;;;;;;;;
5333;/s3302;(11186L,;1337805455;69232948L,;1337805455069232948L,;;;;;;;;;;;;
5340;/s2006;(3219L,;1337811701;891755835L,;1337811701891755835L,;;;;;;;;;;;;
5345;/s2006;(3372L,;1337813570;297887335L,;1337813570297887335L,;;;;;;;;;;;;
5379;/s2010;(29L,;1340002384;459604445L,;1340002384459604445L,;;;;;;;;;;;;
5390;/s8105;(7064L,;1340301263;569936644L,;1340301263569936644L,;;;;;;;;;;;;
5396;/s8101;(10380L,;1340301642;51788068L,;1340301642051788068L,;;;;;;;;;;;;
5398;/s8003;(5855L,;1340301769;206131236L,;1340301769206131236L,;;;;;;;;;;;;
5414;/s3302;(11580L,;1340305253;415957184L,;1340305253415957184L,;;;;;;;;;;;;
5417;/s1007;(18126L,;1340306296;875884668L,;1340306296875884668L,;;;;;;;;;;;;
5419;/s5;(11158L,;1340306928;45615186L,;1340306928045615186L,;;;;;;;;;;;;
5419;/s509;(27265L,;1340306927;994289162L,;1340306927994289162L,;;;;;;;;;;;;
5422;/s6;(6957L,;1340307185;283413627L,;1340307185283413627L,;;;;;;;;;;;;
5424;/s7002;(321L,;1340310277;668569262L,;1340310277668569262L,;;;;;;;;;;;;
5435;/s3301;(4574L,;1340374586;452797175L,;1340374586452797175L,;;;;;;;;;;;;
5435;/s3302;(11648L,;1340374586;442732465L,;1340374586442732465L,;;;;;;;;;;;;
5472;/s8007;(2106L,;1341529794;857574776L,;1341529794857574776L,;;;;;;;;;;;;
5477;/s8004;(1193L,;1341529951;957147335L,;1341529951957147335L,;;;;;;;;;;;;
5486;/s8006;(13496L,;1341530315;739920147L,;1341530315739920147L,;;;;;;;;;;;;
5495;/s8002;(9933L,;1341530623;866846459L,;1341530623866846459L,;;;;;;;;;;;;
5497;/s8003;(6929L,;1341530685;939447006L,;1341530685939447006L,;;;;;;;;;;;;
5498;/s8004;(2020L,;1341530722;240935247L,;1341530722240935247L,;;;;;;;;;;;;
5506;/s8006;(14230L,;1341531154;257810290L,;1341531154257810290L,;;;;;;;;;;;;
5514;/s8006;(14470L,;1341531634;786559180L,;1341531634786559180L,;;;;;;;;;;;;
5531;/s8009;(2562L,;1341717641;398258550L,;1341717641398258550L,;;;;;;;;;;;;
5536;/s8005;(4757L,;1342019828;42505851L,;1342019828042505851L,;;;;;;;;;;;;
5538;/s201;(6931L,;1342022792;167378105L,;1342022792167378105L,;;;;;;;;;;;;
5558;/s8001;(15726L,;1342031436;485539302L,;1342031436485539302L,;;;;;;;;;;;;
5558;/s8008;(3122L,;1342031436;491697693L,;1342031436491697693L,;;;;;;;;;;;;
5574;/s201;(8027L,;1342058465;132768526L,;1342058465132768526L,;;;;;;;;;;;;
5586;/s202;(10729L,;1342063295;585216705L,;1342063295585216705L,;;;;;;;;;;;;
5596;/s3;(22963L,;1342063891;169430874L,;1342063891169430874L,;;;;;;;;;;;;
5604;/s7;(19631L,;1342064377;66079854L,;1342064377066079854L,;;;;;;;;;;;;
5604;/s7;(19632L,;1342064377;128675590L,;1342064377128675590L,;;;;;;;;;;;;
5607;/s201;(9447L,;1342064685;722568342L,;1342064685722568342L,;;;;;;;;;;;;
5608;/s6;(7471L,;1342064881;292690326L,;1342064881292690326L,;;;;;;;;;;;;
5615;/s509;(27907L,;1342065355;105533319L,;1342065355105533319L,;;;;;;;;;;;;
5623;/s201;(10046L,;1342066029;921752037L,;1342066029921752037L,;;;;;;;;;;;;
5623;/s201;(10047L,;1342066029;928314026L,;1342066029928314026L,;;;;;;;;;;;;
5624;/s201;(10150L,;1342066140;444886884L,;1342066140444886884L,;;;;;;;;;;;;
5631;/s509;(28118L,;1342066926;881177421L,;1342066926881177421L,;;;;;;;;;;;;
5636;/s3105;(2444L,;1342067620;447179972L,;1342067620447179972L,;;;;;;;;;;;;
5640;/s3;(23665L,;1342246943;701239149L,;1342246943701239149L,;;;;;;;;;;;;
5640;/s202;(12452L,;1342246943;766821568L,;1342246943766821568L,;;;;;;;;;;;;
5641;/s5;(11717L,;1342247273;76836015L,;1342247273076836015L,;;;;;;;;;;;;
5652;/s7;(21025L,;1342671233;111571293L,;1342671233111571293L,;;;;;;;;;;;;
5652;/s502;(15038L,;1342671233;100173843L,;1342671233100173843L,;;;;;;;;;;;;
5656;/s6;(8097L,;1342672097;600244181L,;1342672097600244181L,;;;;;;;;;;;;
5660;/s3103;(761L,;1342673890;63749024L,;1342673890063749024L,;;;;;;;;;;;;
5667;/s8003;(7761L,;1343423192;750310899L,;1343423192750310899L,;;;;;;;;;;;;
5674;/s3001;(6877L,;1343590564;71896019L,;1343590564071896019L,;;;;;;;;;;;;
5677;/s3302;(11845L,;1343590633;128011490L,;1343590633128011490L,;;;;;;;;;;;;
5678;/s5;(11879L,;1343590667;553636112L,;1343590667553636112L,;;;;;;;;;;;;
5681;/s3002;(8243L,;1343590958;817126016L,;1343590958817126016L,;;;;;;;;;;;;
5684;/s505;(8955L,;1343591043;450647045L,;1343591043450647045L,;;;;;;;;;;;;
5687;/s506;(6269L,;1343591223;455366136L,;1343591223455366136L,;;;;;;;;;;;;
5688;/s22;(18822L,;1343591256;765724968L,;1343591256765724968L,;;;;;;;;;;;;
5691;/s6;(8326L,;1343591322;628223488L,;1343591322628223488L,;;;;;;;;;;;;
5693;/s506;(6523L,;1343591453;462991160L,;1343591453462991160L,;;;;;;;;;;;;
5697;/s1001;(21798L,;1343591657;100094980L,;1343591657100094980L,;;;;;;;;;;;;
5698;/s7;(22090L,;1343591674;303302484L,;1343591674303302484L,;;;;;;;;;;;;
5698;/s501;(46610L,;1343591674;375009649L,;1343591674375009649L,;;;;;;;;;;;;
5699;/s509;(29188L,;1343591716;290087700L,;1343591716290087700L,;;;;;;;;;;;;
5704;/s509;(29455L,;1343592226;945192699L,;1343592226945192699L,;;;;;;;;;;;;
5710;/s3002;(8740L,;1343596098;806672433L,;1343596098806672433L,;;;;;;;;;;;;
5710;/s3002;(8741L,;1343596098;807108455L,;1343596098807108455L,;;;;;;;;;;;;
5718;/s601;(2166L,;1343602290;290330948L,;1343602290290330948L,;;;;;;;;;;;;
5724;/s301;(6389L,;1343610180;933912541L,;1343610180933912541L,;;;;;;;;;;;;
5751;/s3202;(12334L,;1343852038;933098734L,;1343852038933098734L,;;;;;;;;;;;;
5754;/s3105;(2785L,;1343852445;165409422L,;1343852445165409422L,;;;;;;;;;;;;
5755;/s3105;(2917L,;1343852498;251927656L,;1343852498251927656L,;;;;;;;;;;;;
5759;/s3105;(3361L,;1343852965;921785249L,;1343852965921785249L,;;;;;;;;;;;;
5763;/s8105;(7773L,;1343856704;818060012L,;1343856704818060012L,;;;;;;;;;;;;
5786;/s8002;(11192L,;1343859422;21089958L,;1343859422021089958L,;;;;;;;;;;;;
5786;/s8004;(2760L,;1343859421;976460841L,;1343859421976460841L,;;;;;;;;;;;;
5788;/s8001;(16500L,;1343859511;709595511L,;1343859511709595511L,;;;;;;;;;;;;
5815;/s1008;(3076L,;1343860733;261374392L,;1343860733261374392L,;;;;;;;;;;;;
5852;/s4004;(10332L,;1343867072;116101582L,;1343867072116101582L,;;;;;;;;;;;;
5859;/s4001;(3674L,;1343867309;686680969L,;1343867309686680969L,;;;;;;;;;;;;
5870;/s3203;(1181L,;1343869951;771443785L,;1343869951771443785L,;;;;;;;;;;;;
5871;/s3105;(3907L,;1343870270;694873723L,;1343870270694873723L,;;;;;;;;;;;;
5881;/s301;(6605L,;1343872893;701611353L,;1343872893701611353L,;;;;;;;;;;;;
5883;/s303;(7947L,;1343872964;566439861L,;1343872964566439861L,;;;;;;;;;;;;
5885;/s7;(23066L,;1343873451;531224285L,;1343873451531224285L,;;;;;;;;;;;;
5887;/s501;(47673L,;1343873681;420295421L,;1343873681420295421L,;;;;;;;;;;;;
5892;/s22;(20263L,;1343874198;320660817L,;1343874198320660817L,;;;;;;;;;;;;
5893;/s7;(23708L,;1343874261;437682853L,;1343874261437682853L,;;;;;;;;;;;;
5893;/s509;(29758L,;1343874261;375214181L,;1343874261375214181L,;;;;;;;;;;;;
5895;/s101;(6345L,;1343874413;934718897L,;1343874413934718897L,;;;;;;;;;;;;
5896;/s102;(4509L,;1343874477;859448921L,;1343874477859448921L,;;;;;;;;;;;;
5898;/s506;(7353L,;1343874640;841273517L,;1343874640841273517L,;;;;;;;;;;;;
5904;/s105;(1568L,;1343875046;361018159L,;1343875046361018159L,;;;;;;;;;;;;
5918;/s601;(2703L,;1343876298;633066797L,;1343876298633066797L,;;;;;;;;;;;;
5919;/s601;(2704L,;1343876298;923132151L,;1343876298923132151L,;;;;;;;;;;;;
5945;/s5;(13203L,;1344178493;46999927L,;1344178493046999927L,;;;;;;;;;;;;
5947;/s3002;(9243L,;1344178957;607058227L,;1344178957607058227L,;;;;;;;;;;;;
5963;/s305;(1122L,;1344225793;988850104L,;1344225793988850104L,;;;;;;;;;;;;
5967;/s305;(1282L,;1344226092;969688460L,;1344226092969688460L,;;;;;;;;;;;;
5967;/s101;(7044L,;1344226092;945305334L,;1344226092945305334L,;;;;;;;;;;;;
6015;/s3002;(9691L,;1345051294;154126302L,;1345051294154126302L,;;;;;;;;;;;;
6019;/s101;(7306L,;1345054464;615411868L,;1345054464615411868L,;;;;;;;;;;;;
6022;/s305;(1987L,;1345055263;19521460L,;1345055263019521460L,;;;;;;;;;;;;
6023;/s9;(23032L,;1345055285;520080723L,;1345055285520080723L,;;;;;;;;;;;;
6025;/s301;(8079L,;1345055463;55801181L,;1345055463055801181L,;;;;;;;;;;;;
6026;/s305;(2040L,;1345055539;623522391L,;1345055539623522391L,;;;;;;;;;;;;
6035;/s8002;(11537L,;1345058886;901017368L,;1345058886901017368L,;;;;;;;;;;;;
6047;/s8008;(3561L,;1345059611;226311737L,;1345059611226311737L,;;;;;;;;;;;;
6057;/s7001;(5795L,;1345066575;191502835L,;1345066575191502835L,;;;;;;;;;;;;
6059;/s7201;(5146L,;1345066871;146081682L,;1345066871146081682L,;;;;;;;;;;;;
6076;/s3201;(6802L,;1345946442;960147553L,;1345946442960147553L,;;;;;;;;;;;;
6077;/s503;(18590L,;1345949048;159176483L,;1345949048159176483L,;;;;;;;;;;;;
6077;/s506;(7848L,;1345949048;159176351L,;1345949048159176351L,;;;;;;;;;;;;
6081;/s8105;(7956L,;1345974866;515231915L,;1345974866515231915L,;;;;;;;;;;;;
6082;/s7201;(5720L,;1345975989;355957116L,;1345975989355957116L,;;;;;;;;;;;;
6083;/s7001;(5839L,;1345977152;719986679L,;1345977152719986679L,;;;;;;;;;;;;
6105;/s3201;(6889L,;1346352476;663944204L,;1346352476663944204L,;;;;;;;;;;;;
6110;/s103;(3547L,;1346353187;948173419L,;1346353187948173419L,;;;;;;;;;;;;
6112;/s102;(5480L,;1346354002;707104106L,;1346354002707104106L,;;;;;;;;;;;;
6115;/s103;(3668L,;1346354180;648790925L,;1346354180648790925L,;;;;;;;;;;;;
6116;/s509;(30466L,;1346354574;340068982L,;1346354574340068982L,;;;;;;;;;;;;
6118;/s3;(25503L,;1346354732;751859260L,;1346354732751859260L,;;;;;;;;;;;;
6118;/s5;(13730L,;1346354732;752196319L,;1346354732752196319L,;;;;;;;;;;;;
6120;/s5;(13778L,;1346354942;386192340L,;1346354942386192340L,;;;;;;;;;;;;
6120;/s502;(17342L,;1346354942;436607342L,;1346354942436607342L,;;;;;;;;;;;;
6136;/s202;(13134L,;1348005435;309974177L,;1348005435309974177L,;;;;;;;;;;;;
6138;/s202;(13200L,;1348007548;142251941L,;1348007548142251941L,;;;;;;;;;;;;
6139;/s202;(13251L,;1348007706;361633707L,;1348007706361633707L,;;;;;;;;;;;;
6153;/s3302;(12654L,;1348046073;686018146L,;1348046073686018146L,;;;;;;;;;;;;
6153;/s3302;(12655L,;1348046073;686022786L,;1348046073686022786L,;;;;;;;;;;;;
6154;/s102;(5654L,;1348060499;224593117L,;1348060499224593117L,;;;;;;;;;;;;
6155;/s8001;(18037L,;1348421380;819566381L,;1348421380819566381L,;;;;;;;;;;;;
6156;/s8007;(3119L,;1348444114;107236648L,;1348444114107236648L,;;;;;;;;;;;;
6158;/s8005;(5756L,;1348444554;635437517L,;1348444554635437517L,;;;;;;;;;;;;
6159;/s8002;(12456L,;1348444789;617007820L,;1348444789617007820L,;;;;;;;;;;;;
6163;/s303;(9614L,;1348448349;242673702L,;1348448349242673702L,;;;;;;;;;;;;
6173;/s9;(23612L,;1348582090;196823107L,;1348582090196823107L,;;;;;;;;;;;;
6174;/s6;(11387L,;1348582184;954554166L,;1348582184954554166L,;;;;;;;;;;;;
6177;/s303;(9695L,;1348585320;81320343L,;1348585320081320343L,;;;;;;;;;;;;
6182;/s3201;(7039L,;1350066741;1258826L,;1350066741001258826L,;;;;;;;;;;;;
6191;/s201;(11328L,;1350076791;980786250L,;1350076791980786250L,;;;;;;;;;;;;
6195;/s13;(25095L,;1350077663;655143481L,;1350077663655143481L,;;;;;;;;;;;;
6203;/s305;(2963L,;1351822096;506041169L,;1351822096506041169L,;;;;;;;;;;;;
6204;/s304;(31660L,;1351829866;739465903L,;1351829866739465903L,;;;;;;;;;;;;
6220;/s201;(12749L,;1351982778;184539152L,;1351982778184539152L,;;;;;;;;;;;;
6227;/s201;(13345L,;1351987495;657748674L,;1351987495657748674L,;;;;;;;;;;;;
6233;/s201;(13655L,;1354733013;750808293L,;1354733013750808293L,;;;;;;;;;;;;
6233;/s101;(8157L,;1354733013;719399104L,;1354733013719399104L,;;;;;;;;;;;;
6235;/s103;(4020L,;1355289074;9525865L,;1355289074009525865L,;;;;;;;;;;;;
6238;/s202;(13883L,;1360037816;258815032L,;1360037816258815032L,;;;;;;;;;;;;
